{"loss": [9.721570014953613, 4.311941146850586, 3.775007486343384, 3.4826340675354004, 3.6719539165496826, 3.0727317333221436, 2.9527428150177, 2.4220871925354004, 2.165816307067871, 2.1777918338775635, 2.241344451904297, 1.7603386640548706, 1.7889376878738403, 1.6081798076629639, 1.4221984148025513, 1.5694763660430908, 1.3633842468261719, 1.2347121238708496, 1.180886149406433, 1.1461831331253052, 1.2041738033294678, 1.153995394706726, 1.1250314712524414, 1.0087103843688965, 0.9585922360420227, 1.025180459022522, 0.9112868905067444, 0.8616646528244019, 0.9109020233154297, 0.93182772397995], "accuracy": [0.04077046364545822, 0.0638844296336174, 0.10658106207847595, 0.17849117517471313, 0.21508827805519104, 0.2963081896305084, 0.37014445662498474, 0.41733548045158386, 0.4751203954219818, 0.5178170204162598, 0.5563402771949768, 0.617977499961853, 0.6253611445426941, 0.6465489864349365, 0.6812198758125305, 0.6969502568244934, 0.7142857313156128, 0.7306581139564514, 0.7566612958908081, 0.7540931105613708, 0.77110755443573, 0.7878009676933289, 0.814446210861206, 0.8067415952682495, 0.8102728724479675, 0.8247190713882446, 0.8359550833702087, 0.8340288996696472, 0.8449438214302063, 0.8471910357475281], "val_loss": [3.488783836364746, 3.3269145488739014, 2.9948770999908447, 2.854570150375366, 2.176239013671875, 3.2126693725585938, 1.8807069063186646, 1.4678363800048828, 1.7102880477905273, 2.275169849395752, 1.4719207286834717, 1.6055588722229004, 1.4117865562438965, 1.5276414155960083, 1.4739024639129639, 1.1917181015014648, 1.5215158462524414, 1.2346404790878296, 1.3909343481063843, 1.497889757156372, 1.0648236274719238, 0.9625122547149658, 1.4012324810028076, 1.3141721487045288, 1.3279809951782227, 1.3900477886199951, 1.5481717586517334, 1.3072559833526611, 1.229743242263794, 1.4202908277511597], "val_accuracy": [0.11699164658784866, 0.13649025559425354, 0.2729805111885071, 0.29247909784317017, 0.47632312774658203, 0.33704736828804016, 0.6128133535385132, 0.6824512481689453, 0.6601671576499939, 0.5849581956863403, 0.7827298045158386, 0.688022255897522, 0.8022283911705017, 0.785515308380127, 0.7938718795776367, 0.8412256240844727, 0.8077994585037231, 0.844011127948761, 0.8272980451583862, 0.785515308380127, 0.8607242107391357, 0.8607242107391357, 0.8802228569984436, 0.8913649320602417, 0.9108635187149048, 0.9442896842956543, 0.9247910976409912, 0.9331476092338562, 0.9220055937767029, 0.9192200303077698]}